AATF	hsa-miR-2909	Activation
AATK	hsa-miR-1250-3p	Activation
AATK	hsa-miR-1250-5p	Activation
AATK	hsa-miR-338-3p	Activation
AATK	hsa-miR-338-5p	Activation
AATK	hsa-miR-657	Activation
ABCA6	hsa-miR-4524a-3p	Activation
ABCA6	hsa-miR-4524a-5p	Activation
ABCC10	hsa-miR-6780b-3p	Activation
ABCC10	hsa-miR-6780b-5p	Activation
ABCF1	hsa-miR-877-3p	Activation
ABCF1	hsa-miR-877-5p	Activation
ABHD16A	hsa-miR-4646-3p	Activation
ABHD16A	hsa-miR-4646-5p	Activation
ABLIM2	hsa-miR-95-3p	Activation
ABLIM2	hsa-miR-95-5p	Activation
ABR	hsa-miR-3183	Activation
AC000120.3	hsa-miR-1285-3p	Activation
AC000120.3	hsa-miR-1285-5p	Activation
AC004080.3	hsa-miR-196b-3p	Activation
AC004080.3	hsa-miR-196b-5p	Activation
AC005670.2	hsa-miR-5089-3p	Activation
AC005670.2	hsa-miR-5089-5p	Activation
AC008481.3	hsa-miR-7974	Activation
AC012531.3	hsa-miR-196a-3p	Activation
AC012531.3	hsa-miR-196a-5p	Activation
AC012531.3	hsa-miR-615-3p	Activation
AC012531.3	hsa-miR-615-5p	Activation
AC013394.1	hsa-miR-3175	Activation
AC018512.1	hsa-miR-1282	Activation
AC019257.8	hsa-miR-3674	Activation
AC019257.8	hsa-miR-596	Activation
AC020907.6	hsa-miR-6887-3p	Activation
AC020907.6	hsa-miR-6887-5p	Activation
AC022384.1	hsa-miR-12127	Activation
AC022506.1	hsa-miR-616-3p	Activation
AC022506.1	hsa-miR-616-5p	Activation
AC026316.4	hsa-miR-6828-3p	Activation
AC026316.4	hsa-miR-6828-5p	Activation
AC069288.1	hsa-miR-4655-3p	Activation
AC069288.1	hsa-miR-4655-5p	Activation
AC097634.4	hsa-miR-1284	Activation
AC112128.1	hsa-miR-8076	Activation
AC132217.2	hsa-miR-483-3p	Activation
AC132217.2	hsa-miR-483-5p	Activation
AC138969.1	hsa-miR-6511a-3p	Activation
AC138969.1	hsa-miR-6511a-5p	Activation
AC138969.1	hsa-miR-6770-3p	Activation
AC138969.1	hsa-miR-6770-5p	Activation
ACAP3	hsa-miR-6726-3p	Activation
ACAP3	hsa-miR-6726-5p	Activation
ACBD6	hsa-miR-3121-3p	Activation
ACBD6	hsa-miR-3121-5p	Activation
ACMSD	hsa-miR-5590-3p	Activation
ACMSD	hsa-miR-5590-5p	Activation
ACSS3	hsa-miR-4699-3p	Activation
ACSS3	hsa-miR-4699-5p	Activation
ADAMTSL1	hsa-miR-3152-3p	Activation
ADAMTSL1	hsa-miR-3152-5p	Activation
ADAMTSL4	hsa-miR-4257	Activation
ADCY6	hsa-miR-4701-3p	Activation
ADCY6	hsa-miR-4701-5p	Activation
ADCY7	hsa-miR-6771-3p	Activation
ADCY7	hsa-miR-6771-5p	Activation
ADGRB2	hsa-miR-4254	Activation
AFTPH	hsa-miR-4434	Activation
AGPAT1	hsa-miR-6721-5p	Activation
AGPAT5	hsa-miR-4659a-3p	Activation
AGPAT5	hsa-miR-4659a-5p	Activation
AIP	hsa-miR-6752-3p	Activation
AIP	hsa-miR-6752-5p	Activation
AK1	hsa-miR-4672	Activation
AKT2	hsa-miR-641	Activation
AL117348.2	hsa-miR-6741-3p	Activation
AL117348.2	hsa-miR-6741-5p	Activation
AL132780.3	hsa-miR-4707-3p	Activation
AL132780.3	hsa-miR-4707-5p	Activation
AL136531.2	hsa-miR-6869-3p	Activation
AL136531.2	hsa-miR-6869-5p	Activation
AL157935.2	hsa-miR-4672	Activation
AL355987.1	hsa-miR-6722-3p	Activation
AL355987.1	hsa-miR-6722-5p	Activation
AL358472.7	hsa-miR-6737-3p	Activation
AL358472.7	hsa-miR-6737-5p	Activation
AL359736.1	hsa-miR-2276-3p	Activation
AL359736.1	hsa-miR-2276-5p	Activation
AL451062.3	hsa-miR-6079	Activation
AL662899.1	hsa-miR-4646-3p	Activation
AL662899.1	hsa-miR-4646-5p	Activation
AL929554.1	hsa-miR-3621	Activation
ALDH2	hsa-miR-6761-3p	Activation
ALDH2	hsa-miR-6761-5p	Activation
ALDH4A1	hsa-miR-1290	Activation
ALDH4A1	hsa-miR-4695-3p	Activation
ALDH4A1	hsa-miR-4695-5p	Activation
AMBRA1	hsa-miR-3160-3p	Activation
AMBRA1	hsa-miR-3160-5p	Activation
AMOTL2	hsa-miR-6827-3p	Activation
AMOTL2	hsa-miR-6827-5p	Activation
ANAPC1	hsa-miR-4771	Activation
ANK1	hsa-miR-486-3p	Activation
ANK1	hsa-miR-486-5p	Activation
ANK2	hsa-miR-1243	Activation
ANK2	hsa-miR-8082	Activation
ANKH	hsa-miR-4637	Activation
ANKRD28	hsa-miR-3134	Activation
ANKRD30B	hsa-miR-3156-3p	Activation
ANKRD30B	hsa-miR-3156-5p	Activation
ANKRD30BL	hsa-miR-663b	Activation
ANKRD54	hsa-miR-658	Activation
ANKRD54	hsa-miR-659-3p	Activation
ANKRD54	hsa-miR-659-5p	Activation
ANP32A	hsa-miR-4312	Activation
ANTXR1	hsa-miR-3126-3p	Activation
ANTXR1	hsa-miR-3126-5p	Activation
C9orf3	hsa-miR-2278	Activation
C9orf3	hsa-miR-23b-3p	Activation
C9orf3	hsa-miR-23b-5p	Activation
C9orf3	hsa-miR-27b-3p	Activation
C9orf3	hsa-miR-27b-5p	Activation
C9orf3	hsa-miR-6081	Activation
AP002990.1	hsa-miR-6747-3p	Activation
AP002990.1	hsa-miR-6747-5p	Activation
AP003071.5	hsa-miR-3164	Activation
AP1S1	hsa-miR-4653-3p	Activation
AP1S1	hsa-miR-4653-5p	Activation
AP2A1	hsa-miR-6799-3p	Activation
AP2A1	hsa-miR-6799-5p	Activation
AP3S2	hsa-miR-5009-3p	Activation
AP3S2	hsa-miR-5009-5p	Activation
AP3S2	hsa-miR-5094	Activation
APOLD1	hsa-miR-613	Activation
ARFGAP1	hsa-miR-4326	Activation
ARHGAP10	hsa-miR-4799-3p	Activation
ARHGAP10	hsa-miR-4799-5p	Activation
ARHGAP24	hsa-miR-4451	Activation
ARHGAP6	hsa-miR-548ax	Activation
ARHGEF11	hsa-miR-765	Activation
ARHGEF2	hsa-miR-6738-3p	Activation
ARHGEF2	hsa-miR-6738-5p	Activation
ARHGEF9	hsa-miR-1468-3p	Activation
ARHGEF9	hsa-miR-1468-5p	Activation
ARID4B	hsa-miR-4753-3p	Activation
ARID4B	hsa-miR-4753-5p	Activation
ARL10	hsa-miR-1271-3p	Activation
ARL10	hsa-miR-1271-5p	Activation
ARL15	hsa-miR-581	Activation
ARL2	hsa-miR-6879-3p	Activation
ARL2	hsa-miR-6879-5p	Activation
ARL2-SNX15	hsa-miR-6879-3p	Activation
ARL2-SNX15	hsa-miR-6879-5p	Activation
ARMC9	hsa-miR-4777-3p	Activation
ARMC9	hsa-miR-4777-5p	Activation
ARNT2	hsa-miR-5572	Activation
ARPIN-AP3S2	hsa-miR-5009-3p	Activation
ARPIN-AP3S2	hsa-miR-5009-5p	Activation
ARPIN-AP3S2	hsa-miR-5094	Activation
ARPP21	hsa-miR-128-2-5p	Activation
ARPP21	hsa-miR-128-3p	Activation
ARRB1	hsa-miR-326	Activation
ASB2	hsa-miR-4506	Activation
ASB3	hsa-miR-3682-3p	Activation
ASB3	hsa-miR-3682-5p	Activation
ASH1L	hsa-miR-555	Activation
ASTN1	hsa-miR-488-3p	Activation
ASTN1	hsa-miR-488-5p	Activation
ATAD2	hsa-miR-548d-3p	Activation
ATAD2	hsa-miR-548d-5p	Activation
ATF2	hsa-miR-933	Activation
ATG2A	hsa-miR-6749-3p	Activation
ATG2A	hsa-miR-6749-5p	Activation
ATG2A	hsa-miR-6750-3p	Activation
ATG2A	hsa-miR-6750-5p	Activation
ATG4D	hsa-miR-1238-3p	Activation
ATG4D	hsa-miR-1238-5p	Activation
ATP10A	hsa-miR-4715-3p	Activation
ATP10A	hsa-miR-4715-5p	Activation
ATP11C	hsa-miR-505-3p	Activation
ATP11C	hsa-miR-505-5p	Activation
ATP2B2	hsa-miR-885-3p	Activation
ATP2B2	hsa-miR-885-5p	Activation
ATP5MD	hsa-miR-1307-3p	Activation
ATP5MD	hsa-miR-1307-5p	Activation
ATP6V0A1	hsa-miR-5010-3p	Activation
ATP6V0A1	hsa-miR-5010-5p	Activation
ATP6V0A1	hsa-miR-548at-3p	Activation
ATP6V0A1	hsa-miR-548at-5p	Activation
ATXN10	hsa-miR-4762-3p	Activation
ATXN10	hsa-miR-4762-5p	Activation
B3GNT2	hsa-miR-5192	Activation
B9D1	hsa-miR-1180-3p	Activation
B9D1	hsa-miR-1180-5p	Activation
BAALC	hsa-miR-3151-3p	Activation
BAALC	hsa-miR-3151-5p	Activation
BABAM2	hsa-miR-4263	Activation
BCAS1	hsa-miR-4756-3p	Activation
BCAS1	hsa-miR-4756-5p	Activation
BCL2L14	hsa-miR-1244	Activation
BCL7C	hsa-miR-4519	Activation
BECN1	hsa-miR-6781-3p	Activation
BECN1	hsa-miR-6781-5p	Activation
BID	hsa-miR-3198	Activation
BIRC6	hsa-miR-558	Activation
BIRC7	hsa-miR-3196	Activation
BLACAT1	hsa-miR-135b-3p	Activation
BLACAT1	hsa-miR-135b-5p	Activation
BUD31	hsa-miR-12119	Activation
C16orf74	hsa-miR-1910-3p	Activation
C16orf74	hsa-miR-1910-5p	Activation
C17orf100	hsa-miR-4520-2-3p	Activation
C17orf100	hsa-miR-4520-5p	Activation
C1orf61	hsa-miR-9-3p	Activation
C1orf61	hsa-miR-9-5p	Activation
C3orf52	hsa-miR-567	Activation
C4orf50	hsa-miR-378d	Activation
C7orf50	hsa-miR-339-3p	Activation
C7orf50	hsa-miR-339-5p	Activation
CACHD1	hsa-miR-4794	Activation
CADM2	hsa-miR-5688	Activation
CALCR	hsa-miR-489-3p	Activation
CALCR	hsa-miR-489-5p	Activation
CALCR	hsa-miR-653-3p	Activation
CALCR	hsa-miR-653-5p	Activation
CALR	hsa-miR-6515-3p	Activation
CALR	hsa-miR-6515-5p	Activation
CAMK1D	hsa-miR-4480	Activation
CAMSAP3	hsa-miR-6792-3p	Activation
CAMSAP3	hsa-miR-6792-5p	Activation
CAMTA2	hsa-miR-6864-3p	Activation
CAMTA2	hsa-miR-6864-5p	Activation
CAMTA2	hsa-miR-6865-3p	Activation
CAMTA2	hsa-miR-6865-5p	Activation
CAPN15	hsa-miR-3176	Activation
CAPN15	hsa-miR-5587-3p	Activation
CAPN15	hsa-miR-5587-5p	Activation
CCDC40	hsa-miR-1268b	Activation
CCDC61	hsa-miR-769-3p	Activation
CCDC61	hsa-miR-769-5p	Activation
CCNF	hsa-miR-6767-3p	Activation
CCNF	hsa-miR-6767-5p	Activation
CCPG1	hsa-miR-628-3p	Activation
CCPG1	hsa-miR-628-5p	Activation
CD22	hsa-miR-5196-3p	Activation
CD22	hsa-miR-5196-5p	Activation
CD58	hsa-miR-548ac	Activation
CDC16	hsa-miR-548ar-3p	Activation
CDC16	hsa-miR-548ar-5p	Activation
CDC20B	hsa-miR-449a	Activation
CDC20B	hsa-miR-449b-3p	Activation
CDC20B	hsa-miR-449b-5p	Activation
CDC20B	hsa-miR-449c-3p	Activation
CDC20B	hsa-miR-449c-5p	Activation
CDC5L	hsa-miR-4642	Activation
CDC73	hsa-miR-1278	Activation
CDH13	hsa-miR-3182	Activation
CDH13	hsa-miR-8058	Activation
CDH23	hsa-miR-7152-3p	Activation
CDH23	hsa-miR-7152-5p	Activation
CDK4	hsa-miR-6759-3p	Activation
CDK4	hsa-miR-6759-5p	Activation
CELSR3	hsa-miR-4793-3p	Activation
CELSR3	hsa-miR-4793-5p	Activation
CERS6	hsa-miR-4774-3p	Activation
CERS6	hsa-miR-4774-5p	Activation
CFAP43	hsa-miR-609	Activation
CFAP44	hsa-miR-8076	Activation
CFAP45	hsa-miR-4259	Activation
CHCHD3	hsa-miR-3654	Activation
CHD2	hsa-miR-3175	Activation
CHM	hsa-miR-361-3p	Activation
CHM	hsa-miR-361-5p	Activation
CHRDL2	hsa-miR-4696	Activation
CHRM2	hsa-miR-490-3p	Activation
CHRM2	hsa-miR-490-5p	Activation
CHST11	hsa-miR-3922-3p	Activation
CHST11	hsa-miR-3922-5p	Activation
CHURC1-FNTB	hsa-miR-4706	Activation
CKAP5	hsa-miR-5582-3p	Activation
CKAP5	hsa-miR-5582-5p	Activation
CKS1B	hsa-miR-4258	Activation
CKS2	hsa-miR-3153	Activation
CLCN5	hsa-miR-188-3p	Activation
CLCN5	hsa-miR-188-5p	Activation
CLCN5	hsa-miR-362-3p	Activation
CLCN5	hsa-miR-362-5p	Activation
CLCN5	hsa-miR-500a-3p	Activation
CLCN5	hsa-miR-500a-5p	Activation
CLCN5	hsa-miR-500b-3p	Activation
CLCN5	hsa-miR-500b-5p	Activation
CLCN5	hsa-miR-501-3p	Activation
CLCN5	hsa-miR-501-5p	Activation
CLCN5	hsa-miR-502-3p	Activation
CLCN5	hsa-miR-502-5p	Activation
CLCN5	hsa-miR-532-3p	Activation
CLCN5	hsa-miR-532-5p	Activation
CLCN5	hsa-miR-660-3p	Activation
CLCN5	hsa-miR-660-5p	Activation
CLDN11	hsa-miR-6828-3p	Activation
CLDN11	hsa-miR-6828-5p	Activation
CLUH	hsa-miR-6776-3p	Activation
CLUH	hsa-miR-6776-5p	Activation
CLYBL	hsa-miR-4306	Activation
CMIP	hsa-miR-6504-3p	Activation
CMIP	hsa-miR-6504-5p	Activation
CMIP	hsa-miR-7854-3p	Activation
CNNM4	hsa-miR-3127-3p	Activation
CNNM4	hsa-miR-3127-5p	Activation
COL17A1	hsa-miR-936	Activation
COL18A1	hsa-miR-6815-3p	Activation
COL18A1	hsa-miR-6815-5p	Activation
COL27A1	hsa-miR-455-3p	Activation
COL27A1	hsa-miR-455-5p	Activation
COL3A1	hsa-miR-1245a	Activation
COL3A1	hsa-miR-3606-3p	Activation
COL3A1	hsa-miR-3606-5p	Activation
COL4A2	hsa-miR-8073	Activation
COL5A2	hsa-miR-3129-3p	Activation
COL5A2	hsa-miR-3129-5p	Activation
COL7A1	hsa-miR-711	Activation
COLQ	hsa-miR-4270	Activation
COMMD10	hsa-miR-12130	Activation
COMT	hsa-miR-4761-3p	Activation
COMT	hsa-miR-4761-5p	Activation
COP1	hsa-miR-1843	Activation
COPG1	hsa-miR-6826-3p	Activation
COPG1	hsa-miR-6826-5p	Activation
COPZ1	hsa-miR-148b-3p	Activation
COPZ1	hsa-miR-148b-5p	Activation
COPZ2	hsa-miR-152-3p	Activation
COPZ2	hsa-miR-152-5p	Activation
CPE	hsa-miR-578	Activation
CPNE4	hsa-miR-5704	Activation
CREB3	hsa-miR-6853-3p	Activation
CREB3	hsa-miR-6853-5p	Activation
CRTAC1	hsa-miR-3085-3p	Activation
CRTAC1	hsa-miR-3085-5p	Activation
CRYGN	hsa-miR-3907	Activation
CRYL1	hsa-miR-4499	Activation
CSF2RA	hsa-miR-3690	Activation
CTBP2	hsa-miR-4296	Activation
CTDSP1	hsa-miR-26b-3p	Activation
CTDSP1	hsa-miR-26b-5p	Activation
CTDSP2	hsa-miR-26a-2-3p	Activation
CTDSP2	hsa-miR-26a-5p	Activation
CTDSPL	hsa-miR-26a-1-3p	Activation
CTDSPL	hsa-miR-26a-5p	Activation
CTIF	hsa-miR-4743-3p	Activation
CTIF	hsa-miR-4743-5p	Activation
CTNNA3	hsa-miR-7151-3p	Activation
CTNNA3	hsa-miR-7151-5p	Activation
CTPS2	hsa-miR-548am-3p	Activation
CTPS2	hsa-miR-548am-5p	Activation
CUL2	hsa-miR-3611	Activation
CUL4A	hsa-miR-8075	Activation
CUX2	hsa-miR-6760-3p	Activation
CUX2	hsa-miR-6760-5p	Activation
CYLD	hsa-miR-3181	Activation
CYP19A1	hsa-miR-7973	Activation
DALRD3	hsa-miR-191-3p	Activation
DALRD3	hsa-miR-191-5p	Activation
DALRD3	hsa-miR-425-3p	Activation
DALRD3	hsa-miR-425-5p	Activation
DCAF6	hsa-miR-1255b-2-3p	Activation
DCAF6	hsa-miR-1255b-5p	Activation
DCC	hsa-miR-4528	Activation
DDIT3	hsa-miR-616-3p	Activation
DDIT3	hsa-miR-616-5p	Activation
DDX52	hsa-miR-378j	Activation
DDX54	hsa-miR-7106-3p	Activation
DDX54	hsa-miR-7106-5p	Activation
DENND1A	hsa-miR-601	Activation
DENND1A	hsa-miR-7150	Activation
DENND4A	hsa-miR-4511	Activation
DGAT1	hsa-miR-6848-3p	Activation
DGAT1	hsa-miR-6848-5p	Activation
DGKZ	hsa-miR-4688	Activation
DHRS3	hsa-miR-6730-3p	Activation
DHRS3	hsa-miR-6730-5p	Activation
DHX15	hsa-miR-573	Activation
DHX30	hsa-miR-1226-3p	Activation
DHX30	hsa-miR-1226-5p	Activation
DICER1	hsa-miR-3173-3p	Activation
DICER1	hsa-miR-3173-5p	Activation
DIP2C	hsa-miR-5699-3p	Activation
DIP2C	hsa-miR-5699-5p	Activation
DIS3L2	hsa-miR-562	Activation
DLG1	hsa-miR-4797-3p	Activation
DLG1	hsa-miR-4797-5p	Activation
DMD	hsa-miR-3915	Activation
DMD	hsa-miR-548f-3p	Activation
DMXL1	hsa-miR-5706	Activation
DNAJC5	hsa-miR-941	Activation
DNM2	hsa-miR-4748	Activation
DNM2	hsa-miR-638	Activation
DNM2	hsa-miR-6793-3p	Activation
DNM2	hsa-miR-6793-5p	Activation
DNM3	hsa-miR-3120-3p	Activation
DNM3	hsa-miR-3120-5p	Activation
DNMT3A	hsa-miR-1301-3p	Activation
DNMT3A	hsa-miR-1301-5p	Activation
DOCK10	hsa-miR-4439	Activation
DOCK2	hsa-miR-378e	Activation
DOCK5	hsa-miR-6876-3p	Activation
DOCK5	hsa-miR-6876-5p	Activation
DPCD	hsa-miR-3158-3p	Activation
DPCD	hsa-miR-3158-5p	Activation
DPH6	hsa-miR-3942-3p	Activation
DPH6	hsa-miR-3942-5p	Activation
DPY19L1	hsa-miR-548n	Activation
DRD2	hsa-miR-4301	Activation
DSCAM	hsa-miR-4760-3p	Activation
DSCAM	hsa-miR-4760-5p	Activation
DTL	hsa-miR-3122	Activation
DYM	hsa-miR-4744	Activation
DYRK1B	hsa-miR-6719-3p	Activation
EBF3	hsa-miR-4297	Activation
ECHS1	hsa-miR-3944-3p	Activation
ECHS1	hsa-miR-3944-5p	Activation
ECM2	hsa-miR-4670-3p	Activation
ECM2	hsa-miR-4670-5p	Activation
EDA	hsa-miR-676-3p	Activation
EDA	hsa-miR-676-5p	Activation
EEF1G	hsa-miR-6747-3p	Activation
EEF1G	hsa-miR-6747-5p	Activation
EGFL6	hsa-miR-6086	Activation
EGFL7	hsa-miR-126-3p	Activation
EGFL7	hsa-miR-126-5p	Activation
EHHADH	hsa-miR-5588-3p	Activation
EHHADH	hsa-miR-5588-5p	Activation
EHMT1	hsa-miR-602	Activation
EIF3C	hsa-miR-6862-3p	Activation
EIF3C	hsa-miR-6862-5p	Activation
EIF3CL	hsa-miR-6862-3p	Activation
EIF3CL	hsa-miR-6862-5p	Activation
EIF4G3	hsa-miR-1256	Activation
EIF4H	hsa-miR-590-3p	Activation
EIF4H	hsa-miR-590-5p	Activation
ELMO1	hsa-miR-1200	Activation
ENDOV	hsa-miR-4730	Activation
ENO1	hsa-miR-6728-3p	Activation
ENO1	hsa-miR-6728-5p	Activation
EPCAM	hsa-miR-559	Activation
EPHB2	hsa-miR-4684-3p	Activation
EPHB2	hsa-miR-4684-5p	Activation
ERBB2	hsa-miR-4728-3p	Activation
ERBB2	hsa-miR-4728-5p	Activation
ERBB4	hsa-miR-548f-3p	Activation
ERC2	hsa-miR-3938	Activation
ERI1	hsa-miR-4660	Activation
ESR2	hsa-miR-548h-5p	Activation
EVL	hsa-miR-342-3p	Activation
EVL	hsa-miR-342-5p	Activation
EXOC4	hsa-miR-6133	Activation
EXOC7	hsa-miR-6868-3p	Activation
EXOC7	hsa-miR-6868-5p	Activation
EYA2	hsa-miR-3616-3p	Activation
EYA2	hsa-miR-3616-5p	Activation
EZH1	hsa-miR-6780a-3p	Activation
EZH1	hsa-miR-6780a-5p	Activation
F13A1	hsa-miR-7853-5p	Activation
F8	hsa-miR-1184	Activation
FADS3	hsa-miR-6746-3p	Activation
FADS3	hsa-miR-6746-5p	Activation
FAM114A1	hsa-miR-574-3p	Activation
FAM114A1	hsa-miR-574-5p	Activation
FAM120B	hsa-miR-4644	Activation
FAM155A	hsa-miR-1267	Activation
FAM163A	hsa-miR-12116	Activation
FAM184A	hsa-miR-548b-3p	Activation
FAM184A	hsa-miR-548b-5p	Activation
FAM49B	hsa-miR-5194	Activation
FAM50A	hsa-miR-6858-3p	Activation
FAM50A	hsa-miR-6858-5p	Activation
FAM78B	hsa-miR-921	Activation
FAM83H	hsa-miR-4664-3p	Activation
FAM83H	hsa-miR-4664-5p	Activation
FARP1	hsa-miR-3170	Activation
FARP2	hsa-miR-3133	Activation
FASTKD2	hsa-miR-3130-3p	Activation
FASTKD2	hsa-miR-3130-5p	Activation
FAT2	hsa-miR-6499-3p	Activation
FAT2	hsa-miR-6499-5p	Activation
FBRSL1	hsa-miR-6763-3p	Activation
FBRSL1	hsa-miR-6763-5p	Activation
FBXL18	hsa-miR-589-3p	Activation
FBXL18	hsa-miR-589-5p	Activation
FBXL7	hsa-miR-887-3p	Activation
FBXL7	hsa-miR-887-5p	Activation
FBXW7	hsa-miR-3140-3p	Activation
FBXW7	hsa-miR-3140-5p	Activation
FGF13	hsa-miR-504-3p	Activation
FGF13	hsa-miR-504-5p	Activation
FGF14	hsa-miR-2681-3p	Activation
FGF14	hsa-miR-2681-5p	Activation
FGF14	hsa-miR-4705	Activation
FHIT	hsa-miR-548bb-3p	Activation
FHIT	hsa-miR-548bb-5p	Activation
FILIP1L	hsa-miR-3921	Activation
FKBP5	hsa-miR-5690	Activation
FMO3	hsa-miR-1295b-3p	Activation
FMO3	hsa-miR-1295b-5p	Activation
FNTB	hsa-miR-4706	Activation
FOCAD	hsa-miR-491-3p	Activation
FOCAD	hsa-miR-491-5p	Activation
FOXP1	hsa-miR-1284	Activation
FOXP2	hsa-miR-3666	Activation
FOXP4	hsa-miR-4641	Activation
FRMD4A	hsa-miR-4293	Activation
FSTL4	hsa-miR-1289	Activation
FUBP3	hsa-miR-6856-3p	Activation
FUBP3	hsa-miR-6856-5p	Activation
FUT8	hsa-miR-625-3p	Activation
FUT8	hsa-miR-625-5p	Activation
GAB1	hsa-miR-3139	Activation
GABRA3	hsa-miR-105-3p	Activation
GABRA3	hsa-miR-105-5p	Activation
GABRA3	hsa-miR-767-3p	Activation
GABRA3	hsa-miR-767-5p	Activation
GALNT10	hsa-miR-1294	Activation
GALNT17	hsa-miR-3914	Activation
GALNT1	hsa-miR-3975	Activation
GALNT7	hsa-miR-548t-3p	Activation
GALNT7	hsa-miR-548t-5p	Activation
GATAD2A	hsa-miR-640	Activation
GCH1	hsa-miR-4308	Activation
GCN1	hsa-miR-4498	Activation
GDF15	hsa-miR-3189-3p	Activation
GDF15	hsa-miR-3189-5p	Activation
GDF5	hsa-miR-1289	Activation
GFI1B	hsa-miR-548aw	Activation
GIPR	hsa-miR-642a-3p	Activation
GIPR	hsa-miR-642a-5p	Activation
GLP1R	hsa-miR-9983-3p	Activation
GNAI2	hsa-miR-5787	Activation
GNAO1	hsa-miR-3935	Activation
GNGT1	hsa-miR-4652-3p	Activation
GNGT1	hsa-miR-4652-5p	Activation
GOLGA8A	hsa-miR-1233-3p	Activation
GOLGA8A	hsa-miR-1233-5p	Activation
GOLGA8B	hsa-miR-1233-3p	Activation
GOLGA8B	hsa-miR-1233-5p	Activation
GOSR2	hsa-miR-5089-3p	Activation
GOSR2	hsa-miR-5089-5p	Activation
GPC1	hsa-miR-149-3p	Activation
GPC1	hsa-miR-149-5p	Activation
GPC5	hsa-miR-548as-3p	Activation
GPC5	hsa-miR-548as-5p	Activation
GPR39	hsa-miR-9986	Activation
GRID1	hsa-miR-346	Activation
GRK5	hsa-miR-4681	Activation
GRM8	hsa-miR-592	Activation
GSE1	hsa-miR-12128	Activation
GSK3B	hsa-miR-6529-3p	Activation
GSK3B	hsa-miR-6529-5p	Activation
GTF2F1	hsa-miR-6790-3p	Activation
GTF2F1	hsa-miR-6790-5p	Activation
GTF2F1	hsa-miR-6885-3p	Activation
GTF2F1	hsa-miR-6885-5p	Activation
GTF2IRD1	hsa-miR-10525-3p	Activation
GTF3C5	hsa-miR-6877-3p	Activation
GTF3C5	hsa-miR-6877-5p	Activation
GULP1	hsa-miR-561-3p	Activation
GULP1	hsa-miR-561-5p	Activation
HBS1L	hsa-miR-3662	Activation
HDAC4	hsa-miR-2467-3p	Activation
HDAC4	hsa-miR-2467-5p	Activation
HDAC4	hsa-miR-4440	Activation
HDAC4	hsa-miR-4441	Activation
HECTD4	hsa-miR-6861-3p	Activation
HECTD4	hsa-miR-6861-5p	Activation
HECW1	hsa-miR-3943	Activation
HGS	hsa-miR-6786-3p	Activation
HGS	hsa-miR-6786-5p	Activation
HLA-B	hsa-miR-6891-3p	Activation
HLA-B	hsa-miR-6891-5p	Activation
HMGA1	hsa-miR-6835-3p	Activation
HMGA1	hsa-miR-6835-5p	Activation
HNF4A	hsa-miR-3646	Activation
HOXB3	hsa-miR-10a-3p	Activation
HOXB3	hsa-miR-10a-5p	Activation
HOXB7	hsa-miR-196a-1-3p	Activation
HOXB7	hsa-miR-196a-5p	Activation
HOXC4	hsa-miR-615-3p	Activation
HOXC4	hsa-miR-615-5p	Activation
HOXC5	hsa-miR-615-3p	Activation
HOXC5	hsa-miR-615-5p	Activation
HOXC6	hsa-miR-196a-3p	Activation
HOXC6	hsa-miR-196a-5p	Activation
HOXD3	hsa-miR-10b-3p	Activation
HOXD3	hsa-miR-10b-5p	Activation
HPS1	hsa-miR-4685-3p	Activation
HPS1	hsa-miR-4685-5p	Activation
HPSE2	hsa-miR-6507-3p	Activation
HPSE2	hsa-miR-6507-5p	Activation
HS3ST3A1	hsa-miR-548h-5p	Activation
HS3ST4	hsa-miR-548w	Activation
HS6ST3	hsa-miR-4501	Activation
HSF2BP	hsa-miR-6070	Activation
HSPA12A	hsa-miR-9851-3p	Activation
HSPA12A	hsa-miR-9851-5p	Activation
HTR2C	hsa-miR-1264	Activation
HTR2C	hsa-miR-1298-3p	Activation
HTR2C	hsa-miR-1298-5p	Activation
HTR2C	hsa-miR-1911-3p	Activation
HTR2C	hsa-miR-1911-5p	Activation
HTR2C	hsa-miR-1912-3p	Activation
HTR2C	hsa-miR-1912-5p	Activation
HTR2C	hsa-miR-448	Activation
HTR2C	hsa-miR-764	Activation
HUWE1	hsa-let-7f-2-3p	Activation
HUWE1	hsa-let-7f-5p	Activation
HUWE1	hsa-miR-98-3p	Activation
HUWE1	hsa-miR-98-5p	Activation
IARS	hsa-miR-3651	Activation
IGF1R	hsa-miR-4714-3p	Activation
IGF1R	hsa-miR-4714-5p	Activation
IGF2BP2	hsa-miR-548aq-3p	Activation
IGF2BP2	hsa-miR-548aq-5p	Activation
IGF2	hsa-miR-483-3p	Activation
IGF2	hsa-miR-483-5p	Activation
IGLV2-8	hsa-miR-650	Activation
IHH	hsa-miR-3131	Activation
IKBKE	hsa-miR-6769b-3p	Activation
IKBKE	hsa-miR-6769b-5p	Activation
IK	hsa-miR-3655	Activation
IL18RAP	hsa-miR-4772-3p	Activation
IL18RAP	hsa-miR-4772-5p	Activation
IL1RAPL1	hsa-miR-4666b	Activation
IMMT	hsa-miR-4779	Activation
INS-IGF2	hsa-miR-483-3p	Activation
INS-IGF2	hsa-miR-483-5p	Activation
IPO9	hsa-miR-6739-3p	Activation
IPO9	hsa-miR-6739-5p	Activation
IQCJ-SCHIP1	hsa-miR-3919	Activation
IRF8	hsa-miR-6774-3p	Activation
IRF8	hsa-miR-6774-5p	Activation
ISOC1	hsa-miR-4633-3p	Activation
ISOC1	hsa-miR-4633-5p	Activation
ITCH	hsa-miR-644a	Activation
ITGAL	hsa-miR-4518	Activation
JAG1	hsa-miR-6870-3p	Activation
JAG1	hsa-miR-6870-5p	Activation
JAG2	hsa-miR-6765-3p	Activation
JAG2	hsa-miR-6765-5p	Activation
JMJD1C	hsa-miR-1296-3p	Activation
JMJD1C	hsa-miR-1296-5p	Activation
KALRN	hsa-miR-5002-3p	Activation
KALRN	hsa-miR-5002-5p	Activation
KALRN	hsa-miR-6083	Activation
KANSL2	hsa-miR-1291	Activation
KAT2B	hsa-miR-3135a	Activation
KCNIP4	hsa-miR-7978	Activation
KCNK1	hsa-miR-4427	Activation
KCNT2	hsa-miR-4735-3p	Activation
KCNT2	hsa-miR-4735-5p	Activation
KCTD1	hsa-miR-8057	Activation
KDM1A	hsa-miR-3115	Activation
KDM2B	hsa-miR-7107-3p	Activation
KDM2B	hsa-miR-7107-5p	Activation
KDM5C	hsa-miR-6894-3p	Activation
KDM5C	hsa-miR-6894-5p	Activation
KDM5C	hsa-miR-6895-3p	Activation
KDM5C	hsa-miR-6895-5p	Activation
KHSRP	hsa-miR-3940-3p	Activation
KHSRP	hsa-miR-3940-5p	Activation
KIAA0930	hsa-miR-1249-3p	Activation
KIAA0930	hsa-miR-1249-5p	Activation
KIAA1217	hsa-miR-603	Activation
KIF15	hsa-miR-564	Activation
KIF18B	hsa-miR-6783-3p	Activation
KIF18B	hsa-miR-6783-5p	Activation
KIFC3	hsa-miR-6772-3p	Activation
KIFC3	hsa-miR-6772-5p	Activation
KIRREL3	hsa-miR-3167	Activation
KLB	hsa-miR-5591-3p	Activation
KLB	hsa-miR-5591-5p	Activation
KLF7	hsa-miR-2355-3p	Activation
KLF7	hsa-miR-2355-5p	Activation
KLHL25	hsa-miR-1276	Activation
KLHL3	hsa-miR-874-3p	Activation
KLHL3	hsa-miR-874-5p	Activation
KRIT1	hsa-miR-1285-3p	Activation
KRIT1	hsa-miR-1285-5p	Activation
KRT15	hsa-miR-6510-3p	Activation
KRT15	hsa-miR-6510-5p	Activation
KRT8	hsa-miR-9898	Activation
L2HGDH	hsa-miR-4504	Activation
L3MBTL4	hsa-miR-4317	Activation
LAMA5	hsa-miR-4758-3p	Activation
LAMA5	hsa-miR-4758-5p	Activation
LAMB3	hsa-miR-4260	Activation
LAPTM5	hsa-miR-4420	Activation
LARGE1	hsa-miR-4764-3p	Activation
LARGE1	hsa-miR-4764-5p	Activation
LASP1	hsa-miR-6779-3p	Activation
LASP1	hsa-miR-6779-5p	Activation
LCN6	hsa-miR-6722-3p	Activation
LCN6	hsa-miR-6722-5p	Activation
LDLRAD3	hsa-miR-3973	Activation
LDLRAD4	hsa-miR-4526	Activation
LDLRAD4	hsa-miR-5190	Activation
LDLR	hsa-miR-6886-3p	Activation
LDLR	hsa-miR-6886-5p	Activation
LEMD1	hsa-miR-135b-3p	Activation
LEMD1	hsa-miR-135b-5p	Activation
LFNG	hsa-miR-4648	Activation
LIFR	hsa-miR-3650	Activation
LILRB4	hsa-miR-8061	Activation
LIMA1	hsa-miR-1293	Activation
LIN7A	hsa-miR-617	Activation
LIN7A	hsa-miR-618	Activation
LMBRD2	hsa-miR-580-3p	Activation
LMBRD2	hsa-miR-580-5p	Activation
LMNB2	hsa-miR-7108-3p	Activation
LMNB2	hsa-miR-7108-5p	Activation
LONRF1	hsa-miR-3926	Activation
LPCAT1	hsa-miR-6075	Activation
LPIN1	hsa-miR-548s	Activation
LPP	hsa-miR-28-3p	Activation
LPP	hsa-miR-28-5p	Activation
LRMDA	hsa-miR-606	Activation
LRP1B	hsa-miR-7157-3p	Activation
LRP1B	hsa-miR-7157-5p	Activation
LRP1	hsa-miR-1228-3p	Activation
LRP1	hsa-miR-1228-5p	Activation
LRRC26	hsa-miR-3621	Activation
LRRC69	hsa-miR-4661-3p	Activation
LRRC69	hsa-miR-4661-5p	Activation
LSAMP	hsa-miR-4447	Activation
LSP1	hsa-miR-7847-3p	Activation
LYRM4	hsa-miR-3691-3p	Activation
LYRM4	hsa-miR-3691-5p	Activation
LYST	hsa-miR-1537-3p	Activation
LYST	hsa-miR-1537-5p	Activation
MAD1L1	hsa-miR-4655-3p	Activation
MAD1L1	hsa-miR-4655-5p	Activation
MALL	hsa-miR-4436b-3p	Activation
MALL	hsa-miR-4436b-5p	Activation
MAP11	hsa-miR-4658	Activation
MAP1B	hsa-miR-4803	Activation
MAP2K4	hsa-miR-744-3p	Activation
MAP2K4	hsa-miR-744-5p	Activation
MAP7D2	hsa-miR-23c	Activation
MAPK10	hsa-miR-4452	Activation
MAPK8IP3	hsa-miR-3177-3p	Activation
MAPK8IP3	hsa-miR-3177-5p	Activation
MARCH6	hsa-miR-10397-3p	Activation
MARCH6	hsa-miR-10397-5p	Activation
MAST1	hsa-miR-6794-3p	Activation
MAST1	hsa-miR-6794-5p	Activation
MCM7	hsa-miR-106b-3p	Activation
MCM7	hsa-miR-106b-5p	Activation
MCM7	hsa-miR-25-3p	Activation
MCM7	hsa-miR-25-5p	Activation
MCM7	hsa-miR-93-3p	Activation
MCM7	hsa-miR-93-5p	Activation
MCU	hsa-miR-4676-3p	Activation
MCU	hsa-miR-4676-5p	Activation
MEAF6	hsa-miR-5581-3p	Activation
MEAF6	hsa-miR-5581-5p	Activation
MED13L	hsa-miR-620	Activation
MEGF6	hsa-miR-551a	Activation
MEGF8	hsa-miR-8077	Activation
MEIS2	hsa-miR-8063	Activation
MEST	hsa-miR-335-3p	Activation
MEST	hsa-miR-335-5p	Activation
METAP1	hsa-miR-3684	Activation
METTL11B	hsa-miR-3119	Activation
MGA	hsa-miR-626	Activation
MGAT4B	hsa-miR-1229-3p	Activation
MGAT4B	hsa-miR-1229-5p	Activation
MGAT4C	hsa-miR-3059-3p	Activation
MGAT4C	hsa-miR-3059-5p	Activation
MGAT5	hsa-miR-3679-3p	Activation
MGAT5	hsa-miR-3679-5p	Activation
MGRN1	hsa-miR-6769a-3p	Activation
MGRN1	hsa-miR-6769a-5p	Activation
MICAL2	hsa-miR-6124	Activation
MICAL3	hsa-miR-648	Activation
MIIP	hsa-miR-6729-3p	Activation
MIIP	hsa-miR-6729-5p	Activation
MLLT3	hsa-miR-4473	Activation
MLLT3	hsa-miR-4474-3p	Activation
MLLT3	hsa-miR-4474-5p	Activation
MLLT6	hsa-miR-4726-3p	Activation
MLLT6	hsa-miR-4726-5p	Activation
MLPH	hsa-miR-6811-3p	Activation
MLPH	hsa-miR-6811-5p	Activation
MPP7	hsa-miR-8086	Activation
MRC1	hsa-miR-511-3p	Activation
MRC1	hsa-miR-511-5p	Activation
MRE11	hsa-miR-548l	Activation
MS4A4E	hsa-miR-6503-3p	Activation
MS4A4E	hsa-miR-6503-5p	Activation
MTMR3	hsa-miR-6818-3p	Activation
MTMR3	hsa-miR-6818-5p	Activation
MTPAP	hsa-miR-7162-3p	Activation
MTPAP	hsa-miR-7162-5p	Activation
MTUS1	hsa-miR-548v	Activation
MUC5B	hsa-miR-6744-3p	Activation
MUC5B	hsa-miR-6744-5p	Activation
MYH6	hsa-miR-208a-3p	Activation
MYH6	hsa-miR-208a-5p	Activation
MYH7B	hsa-miR-499a-3p	Activation
MYH7B	hsa-miR-499a-5p	Activation
MYH7	hsa-miR-208b-3p	Activation
MYH7	hsa-miR-208b-5p	Activation
MYH9	hsa-miR-6819-3p	Activation
MYH9	hsa-miR-6819-5p	Activation
MYLIP	hsa-miR-4639-3p	Activation
MYLIP	hsa-miR-4639-5p	Activation
MYO1E	hsa-miR-2116-3p	Activation
MYO1E	hsa-miR-2116-5p	Activation
MYO5B	hsa-miR-4320	Activation
MYO5C	hsa-miR-1266-3p	Activation
MYO5C	hsa-miR-1266-5p	Activation
MYOM2	hsa-miR-7160-3p	Activation
MYOM2	hsa-miR-7160-5p	Activation
NAA25	hsa-miR-3657	Activation
NAALADL2	hsa-miR-4789-3p	Activation
NAALADL2	hsa-miR-4789-5p	Activation
NADSYN1	hsa-miR-6754-3p	Activation
NADSYN1	hsa-miR-6754-5p	Activation
NANOS3	hsa-miR-181c-3p	Activation
NANOS3	hsa-miR-181c-5p	Activation
NANOS3	hsa-miR-181d-3p	Activation
NANOS3	hsa-miR-181d-5p	Activation
NAV1	hsa-miR-1231	Activation
NAV1	hsa-miR-5191	Activation
NAV2	hsa-miR-4486	Activation
NCOR2	hsa-miR-6880-3p	Activation
NCOR2	hsa-miR-6880-5p	Activation
NDUFA10	hsa-miR-4786-3p	Activation
NDUFA10	hsa-miR-4786-5p	Activation
NDUFAF6	hsa-miR-3150a-3p	Activation
NDUFAF6	hsa-miR-3150a-5p	Activation
NEFL	hsa-miR-6841-3p	Activation
NEFL	hsa-miR-6841-5p	Activation
NEO1	hsa-miR-12135	Activation
NETO1	hsa-miR-548av-3p	Activation
NETO1	hsa-miR-548av-5p	Activation
NEURL1B	hsa-miR-5003-3p	Activation
NEURL1B	hsa-miR-5003-5p	Activation
NFATC2	hsa-miR-3194-3p	Activation
NFATC2	hsa-miR-3194-5p	Activation
NFE2L2	hsa-miR-3128	Activation
NFE2L2	hsa-miR-6512-3p	Activation
NFE2L2	hsa-miR-6512-5p	Activation
NFYC	hsa-miR-30c-1-3p	Activation
NFYC	hsa-miR-30c-5p	Activation
NFYC	hsa-miR-30e-3p	Activation
NFYC	hsa-miR-30e-5p	Activation
NGFR	hsa-miR-6165	Activation
NHS	hsa-miR-4768-3p	Activation
NHS	hsa-miR-4768-5p	Activation
NHSL1	hsa-miR-3145-3p	Activation
NHSL1	hsa-miR-3145-5p	Activation
NMNAT1	hsa-miR-5697	Activation
NOL6	hsa-miR-6851-3p	Activation
NOL6	hsa-miR-6851-5p	Activation
NOMO2	hsa-miR-3179	Activation
NOMO2	hsa-miR-3670	Activation
NOS1AP	hsa-miR-4654	Activation
NOS1AP	hsa-miR-556-3p	Activation
NOS1AP	hsa-miR-556-5p	Activation
NOTCH1	hsa-miR-4673	Activation
NOTCH3	hsa-miR-6795-3p	Activation
NOTCH3	hsa-miR-6795-5p	Activation
NPIPA1	hsa-miR-6511a-3p	Activation
NPIPA1	hsa-miR-6511a-5p	Activation
NPIPA1	hsa-miR-6770-3p	Activation
NPIPA1	hsa-miR-6770-5p	Activation
NRDC	hsa-miR-761	Activation
NRXN1	hsa-miR-8485	Activation
NTRK3	hsa-miR-11181-3p	Activation
NTRK3	hsa-miR-11181-5p	Activation
NUMA1	hsa-miR-3165	Activation
NUP210L	hsa-miR-5698	Activation
NVL	hsa-miR-320b	Activation
NXF1	hsa-miR-6514-3p	Activation
NXF1	hsa-miR-6514-5p	Activation
ODF2L	hsa-miR-7856-5p	Activation
OPLAH	hsa-miR-6846-3p	Activation
OPLAH	hsa-miR-6846-5p	Activation
OSBP2	hsa-miR-3200-3p	Activation
OSBP2	hsa-miR-3200-5p	Activation
OSBP	hsa-miR-3162-3p	Activation
OSBP	hsa-miR-3162-5p	Activation
P4HA2	hsa-miR-6830-3p	Activation
P4HA2	hsa-miR-6830-5p	Activation
PACSIN3	hsa-miR-6745	Activation
PADI3	hsa-miR-3972	Activation
PANK1	hsa-miR-107	Activation
PANK2	hsa-miR-103a-2-5p	Activation
PANK2	hsa-miR-103a-3p	Activation
PANK3	hsa-miR-103a-1-5p	Activation
PANK3	hsa-miR-103a-3p	Activation
PATJ	hsa-miR-12132	Activation
PATJ	hsa-miR-3116	Activation
PAX5	hsa-miR-4476	Activation
PAX5	hsa-miR-4540	Activation
PCDH15	hsa-miR-548f-3p	Activation
PCDH15	hsa-miR-548f-5p	Activation
PCED1B	hsa-miR-4698	Activation
PC	hsa-miR-3163	Activation
PCNX3	hsa-miR-4690-3p	Activation
PCNX3	hsa-miR-4690-5p	Activation
PDE2A	hsa-miR-139-3p	Activation
PDE2A	hsa-miR-139-5p	Activation
PDE4D	hsa-miR-582-3p	Activation
PDE4D	hsa-miR-582-5p	Activation
PDHX	hsa-miR-1343-3p	Activation
PDHX	hsa-miR-1343-5p	Activation
PFKFB3	hsa-miR-3155a	Activation
PFKFB4	hsa-miR-6823-3p	Activation
PFKFB4	hsa-miR-6823-5p	Activation
PFKM	hsa-miR-6505-3p	Activation
PFKM	hsa-miR-6505-5p	Activation
PHC2	hsa-miR-3605-3p	Activation
PHC2	hsa-miR-3605-5p	Activation
PHF2	hsa-miR-548au-3p	Activation
PHF2	hsa-miR-548au-5p	Activation
PIAS3	hsa-miR-6736-3p	Activation
PIAS3	hsa-miR-6736-5p	Activation
PIEZO1	hsa-miR-4722-3p	Activation
PIEZO1	hsa-miR-4722-5p	Activation
PIEZO2	hsa-miR-6788-3p	Activation
PIEZO2	hsa-miR-6788-5p	Activation
PIGL	hsa-miR-1288-3p	Activation
PIGL	hsa-miR-1288-5p	Activation
PIGT	hsa-miR-6812-3p	Activation
PIGT	hsa-miR-6812-5p	Activation
PIM3	hsa-miR-6821-3p	Activation
PIM3	hsa-miR-6821-5p	Activation
PINX1	hsa-miR-1322	Activation
PITPNC1	hsa-miR-548aa	Activation
PITPNM2	hsa-miR-4304	Activation
PKD1	hsa-miR-1225-3p	Activation
PKD1	hsa-miR-1225-5p	Activation
PKD1	hsa-miR-6511b-3p	Activation
PKD1	hsa-miR-6511b-5p	Activation
PLCD3	hsa-miR-6784-3p	Activation
PLCD3	hsa-miR-6784-5p	Activation
PLCG1	hsa-miR-6871-3p	Activation
PLCG1	hsa-miR-6871-5p	Activation
PLD3	hsa-miR-6796-3p	Activation
PLD3	hsa-miR-6796-5p	Activation
PLEC	hsa-miR-661	Activation
PLEKHA1	hsa-miR-3941	Activation
PLEKHJ1	hsa-miR-1227-3p	Activation
PLEKHJ1	hsa-miR-1227-5p	Activation
PLPP1	hsa-miR-5687	Activation
PMP22	hsa-miR-4731-3p	Activation
PMP22	hsa-miR-4731-5p	Activation
PNKD	hsa-miR-6810-3p	Activation
PNKD	hsa-miR-6810-5p	Activation
POLG	hsa-miR-6766-3p	Activation
POLG	hsa-miR-6766-5p	Activation
POLM	hsa-miR-6838-3p	Activation
POLM	hsa-miR-6838-5p	Activation
POLR2F	hsa-miR-4534	Activation
POLR2F	hsa-miR-6820-3p	Activation
POLR2F	hsa-miR-6820-5p	Activation
POLR3F	hsa-miR-3192-3p	Activation
POLR3F	hsa-miR-3192-5p	Activation
POU2F2	hsa-miR-4323	Activation
PPARGC1B	hsa-miR-378a-3p	Activation
PPARGC1B	hsa-miR-378a-5p	Activation
PPFIA1	hsa-miR-548k	Activation
PPP2R1A	hsa-miR-6801-3p	Activation
PPP2R1A	hsa-miR-6801-5p	Activation
PPP3CA	hsa-miR-1255a	Activation
PPP3CA	hsa-miR-8066	Activation
PPP6R1	hsa-miR-6802-3p	Activation
PPP6R1	hsa-miR-6802-5p	Activation
PPP6R1	hsa-miR-6803-3p	Activation
PPP6R1	hsa-miR-6803-5p	Activation
PPP6R1	hsa-miR-6804-3p	Activation
PPP6R1	hsa-miR-6804-5p	Activation
PPP6R2	hsa-miR-12114	Activation
PRDM16	hsa-miR-4251	Activation
PRIM2	hsa-miR-548u	Activation
PRKCA	hsa-miR-634	Activation
PRKCB	hsa-miR-1273h-3p	Activation
PRKCB	hsa-miR-1273h-5p	Activation
PRKD2	hsa-miR-320e	Activation
PRKG1	hsa-miR-605-3p	Activation
PRKG1	hsa-miR-605-5p	Activation
PRMT1	hsa-miR-5088-3p	Activation
PRMT1	hsa-miR-5088-5p	Activation
PRRC2A	hsa-miR-6832-3p	Activation
PRRC2A	hsa-miR-6832-5p	Activation
PTK2B	hsa-miR-6842-3p	Activation
PTK2B	hsa-miR-6842-5p	Activation
PTK2	hsa-miR-151a-3p	Activation
PTK2	hsa-miR-151a-5p	Activation
PTOV1	hsa-miR-4749-3p	Activation
PTOV1	hsa-miR-4749-5p	Activation
PTPRJ	hsa-miR-3161	Activation
PTPRN2	hsa-miR-153-3p	Activation
PTPRN2	hsa-miR-153-5p	Activation
PTPRN2	hsa-miR-595	Activation
PTPRN	hsa-miR-153-3p	Activation
PYROXD2	hsa-miR-1287-3p	Activation
PYROXD2	hsa-miR-1287-5p	Activation
R3HDM1	hsa-miR-128-1-5p	Activation
R3HDM1	hsa-miR-128-3p	Activation
RAB3GAP2	hsa-miR-664a-3p	Activation
RAB3GAP2	hsa-miR-664a-5p	Activation
RAB40B	hsa-miR-4525	Activation
RABL6	hsa-miR-4292	Activation
RADX	hsa-miR-548an	Activation
RALGAPB	hsa-miR-548o-3p	Activation
RALGAPB	hsa-miR-548o-5p	Activation
RALY	hsa-miR-4755-3p	Activation
RALY	hsa-miR-4755-5p	Activation
RANGAP1	hsa-miR-6889-3p	Activation
RANGAP1	hsa-miR-6889-5p	Activation
RAPGEF2	hsa-miR-3688-3p	Activation
RAPGEF2	hsa-miR-3688-5p	Activation
RAPGEFL1	hsa-miR-6867-3p	Activation
RAPGEFL1	hsa-miR-6867-5p	Activation
RASSF3	hsa-miR-548c-3p	Activation
RASSF3	hsa-miR-548c-5p	Activation
RBFOX1	hsa-miR-8065	Activation
RBM47	hsa-miR-4802-3p	Activation
RBM47	hsa-miR-4802-5p	Activation
RBPMS2	hsa-miR-1272	Activation
RCL1	hsa-miR-101-2-5p	Activation
RCL1	hsa-miR-101-3p	Activation
RGS19	hsa-miR-6813-3p	Activation
RGS19	hsa-miR-6813-5p	Activation
RGS6	hsa-miR-7843-3p	Activation
RGS6	hsa-miR-7843-5p	Activation
RIPK4	hsa-miR-6814-3p	Activation
RIPK4	hsa-miR-6814-5p	Activation
RIPOR3	hsa-miR-1302	Activation
RNF130	hsa-miR-340-3p	Activation
RNF130	hsa-miR-340-5p	Activation
RNF170	hsa-miR-4469	Activation
RNF216	hsa-miR-6874-3p	Activation
RNF216	hsa-miR-6874-5p	Activation
RNF220	hsa-miR-5584-3p	Activation
RNF220	hsa-miR-5584-5p	Activation
RNF5	hsa-miR-6833-3p	Activation
RNF5	hsa-miR-6833-5p	Activation
RNPEP	hsa-miR-6740-3p	Activation
RNPEP	hsa-miR-6740-5p	Activation
ROR2	hsa-miR-3910	Activation
RPL10A	hsa-miR-7111-3p	Activation
RPL10A	hsa-miR-7111-5p	Activation
RPL8	hsa-miR-6850-3p	Activation
RPL8	hsa-miR-6850-5p	Activation
RPS19	hsa-miR-6797-3p	Activation
RPS19	hsa-miR-6797-5p	Activation
RPS6KA1	hsa-miR-1976	Activation
RPS6KA2	hsa-miR-1913	Activation
RPS6KA4	hsa-miR-1237-3p	Activation
RPS6KA4	hsa-miR-1237-5p	Activation
RTCA	hsa-miR-553	Activation
RTN1	hsa-miR-5586-3p	Activation
RTN1	hsa-miR-5586-5p	Activation
RTN4R	hsa-miR-1286	Activation
RUNX3	hsa-miR-6731-3p	Activation
RUNX3	hsa-miR-6731-5p	Activation
RUVBL2	hsa-miR-6798-3p	Activation
RUVBL2	hsa-miR-6798-5p	Activation
RXRA	hsa-miR-4669	Activation
RYR2	hsa-miR-4428	Activation
SCARA5	hsa-miR-4287	Activation
SCD5	hsa-miR-575	Activation
SCRIB	hsa-miR-937-3p	Activation
SCRIB	hsa-miR-937-5p	Activation
SCUBE2	hsa-miR-5691	Activation
SDCCAG8	hsa-miR-4677-3p	Activation
SDCCAG8	hsa-miR-4677-5p	Activation
SEC14L1	hsa-miR-6516-3p	Activation
SEC14L1	hsa-miR-6516-5p	Activation
SEC24B	hsa-miR-576-3p	Activation
SEC24B	hsa-miR-576-5p	Activation
SEMA4G	hsa-miR-608	Activation
SEMA5A	hsa-miR-4636	Activation
SEMA7A	hsa-miR-6881-3p	Activation
SEMA7A	hsa-miR-6881-5p	Activation
SEPT6	hsa-miR-766-3p	Activation
SEPT6	hsa-miR-766-5p	Activation
SFRP1	hsa-miR-548ao-3p	Activation
SFRP1	hsa-miR-548ao-5p	Activation
SGCZ	hsa-miR-383-3p	Activation
SGCZ	hsa-miR-383-5p	Activation
SGIP1	hsa-miR-3117-3p	Activation
SGIP1	hsa-miR-3117-5p	Activation
SH2B2	hsa-miR-4285	Activation
SH3BGR	hsa-miR-6508-3p	Activation
SH3BGR	hsa-miR-6508-5p	Activation
SH3TC2	hsa-miR-584-3p	Activation
SH3TC2	hsa-miR-584-5p	Activation
SHANK2	hsa-miR-3664-3p	Activation
SHANK2	hsa-miR-3664-5p	Activation
SHOC2	hsa-miR-548e-3p	Activation
SHOC2	hsa-miR-548e-5p	Activation
SHROOM3	hsa-miR-4450	Activation
SHROOM3	hsa-miR-548ah-3p	Activation
SHROOM3	hsa-miR-548ah-5p	Activation
SIDT1	hsa-miR-4446-3p	Activation
SIDT1	hsa-miR-4446-5p	Activation
SIPA1	hsa-miR-4489	Activation
SKA2	hsa-miR-301a-3p	Activation
SKA2	hsa-miR-301a-5p	Activation
SKA2	hsa-miR-454-3p	Activation
SKA2	hsa-miR-454-5p	Activation
SKAP1	hsa-miR-1203	Activation
SLA	hsa-miR-7848-3p	Activation
SLC12A3	hsa-miR-6863	Activation
SLC12A7	hsa-miR-4635	Activation
SLC12A8	hsa-miR-5092	Activation
SLC25A13	hsa-miR-591	Activation
SLC25A17	hsa-miR-4766-3p	Activation
SLC25A17	hsa-miR-4766-5p	Activation
SLC25A21	hsa-miR-4503	Activation
SLC35F3	hsa-miR-4671-3p	Activation
SLC35F3	hsa-miR-4671-5p	Activation
SLC35F5	hsa-miR-4782-3p	Activation
SLC35F5	hsa-miR-4782-5p	Activation
SLC39A1	hsa-miR-6737-3p	Activation
SLC39A1	hsa-miR-6737-5p	Activation
SLC6A16	hsa-miR-4324	Activation
SLC7A5	hsa-miR-6775-3p	Activation
SLC7A5	hsa-miR-6775-5p	Activation
SLC9A8	hsa-miR-12122	Activation
SLIT2	hsa-miR-218-1-3p	Activation
SLIT2	hsa-miR-218-5p	Activation
SLIT3	hsa-miR-218-2-3p	Activation
SLIT3	hsa-miR-218-5p	Activation
SLIT3	hsa-miR-585-3p	Activation
SLIT3	hsa-miR-585-5p	Activation
SMC1A	hsa-miR-6857-3p	Activation
SMC1A	hsa-miR-6857-5p	Activation
SMC4	hsa-miR-15b-3p	Activation
SMC4	hsa-miR-15b-5p	Activation
SMC4	hsa-miR-16-2-3p	Activation
SMC4	hsa-miR-16-5p	Activation
SNAPC5	hsa-miR-4512	Activation
SNCB	hsa-miR-4281	Activation
SND1	hsa-miR-593-3p	Activation
SND1	hsa-miR-593-5p	Activation
SORCS2	hsa-miR-4274	Activation
SORCS2	hsa-miR-4798-3p	Activation
SORCS2	hsa-miR-4798-5p	Activation
SP4	hsa-miR-1183	Activation
SPACA6P	hsa-let-7e-3p	Activation
SPACA6P	hsa-let-7e-5p	Activation
SPACA6P	hsa-miR-125a-3p	Activation
SPACA6P	hsa-miR-125a-5p	Activation
SPACA6P	hsa-miR-99b-3p	Activation
SPACA6P	hsa-miR-99b-5p	Activation
SPAG16	hsa-miR-4438	Activation
SPATA13	hsa-miR-2276-3p	Activation
SPATA13	hsa-miR-2276-5p	Activation
SPINK8	hsa-miR-2115-3p	Activation
SPINK8	hsa-miR-2115-5p	Activation
SPTB	hsa-miR-7855-5p	Activation
SPTBN5	hsa-miR-4310	Activation
SREBF1	hsa-miR-33b-3p	Activation
SREBF1	hsa-miR-33b-5p	Activation
SREBF1	hsa-miR-6777-3p	Activation
SREBF1	hsa-miR-6777-5p	Activation
SREBF2	hsa-miR-33a-3p	Activation
SREBF2	hsa-miR-33a-5p	Activation
SSH1	hsa-miR-619-3p	Activation
SSH1	hsa-miR-619-5p	Activation
ST6GALNAC5	hsa-miR-7156-3p	Activation
ST6GALNAC5	hsa-miR-7156-5p	Activation
ST8SIA4	hsa-miR-548p	Activation
STIMATE	hsa-miR-8064	Activation
STIMATE-MUSTN1	hsa-miR-8064	Activation
STK3	hsa-miR-9903	Activation
STMN1	hsa-miR-3917	Activation
STRBP	hsa-miR-600	Activation
STRN3	hsa-miR-624-3p	Activation
STRN3	hsa-miR-624-5p	Activation
STS	hsa-miR-4767	Activation
STXBP5L	hsa-miR-5682	Activation
SUPT3H	hsa-miR-586	Activation
SVIL	hsa-miR-604	Activation
SVIL	hsa-miR-938	Activation
SYNGAP1	hsa-miR-5004-3p	Activation
SYNGAP1	hsa-miR-5004-5p	Activation
SYT12	hsa-miR-6860	Activation
SYT1	hsa-miR-1252-3p	Activation
SYT1	hsa-miR-1252-5p	Activation
SZT2	hsa-miR-6735-3p	Activation
SZT2	hsa-miR-6735-5p	Activation
TAFA5	hsa-miR-4535	Activation
TANC1	hsa-miR-6888-3p	Activation
TANC1	hsa-miR-6888-5p	Activation
TANGO2	hsa-miR-185-3p	Activation
TANGO2	hsa-miR-185-5p	Activation
TATDN1	hsa-miR-6844	Activation
TBC1D2	hsa-miR-6854-3p	Activation
TBC1D2	hsa-miR-6854-5p	Activation
TCEANC2	hsa-miR-4781-3p	Activation
TCEANC2	hsa-miR-4781-5p	Activation
TCIRG1	hsa-miR-6753-3p	Activation
TCIRG1	hsa-miR-6753-5p	Activation
TECR	hsa-miR-639	Activation
TECTB	hsa-miR-6715a-3p	Activation
TEDC2	hsa-miR-6768-3p	Activation
TEDC2	hsa-miR-6768-5p	Activation
TENM2	hsa-miR-12125	Activation
TENM3	hsa-miR-1305	Activation
TENM4	hsa-miR-5579-3p	Activation
TENM4	hsa-miR-5579-5p	Activation
TENM4	hsa-miR-708-3p	Activation
TENM4	hsa-miR-708-5p	Activation
TESK1	hsa-miR-4667-3p	Activation
TESK1	hsa-miR-4667-5p	Activation
TIAM2	hsa-miR-1273c	Activation
TLE3	hsa-miR-629-3p	Activation
TLE3	hsa-miR-629-5p	Activation
TLN1	hsa-miR-6852-3p	Activation
TLN1	hsa-miR-6852-5p	Activation
TLN2	hsa-miR-190a-3p	Activation
TLN2	hsa-miR-190a-5p	Activation
TMEM132C	hsa-miR-3612	Activation
TMEM164	hsa-miR-3978	Activation
TMEM164	hsa-miR-652-3p	Activation
TMEM164	hsa-miR-652-5p	Activation
TMEM181	hsa-miR-7161-3p	Activation
TMEM181	hsa-miR-7161-5p	Activation
TMEM187	hsa-miR-3202	Activation
TMEM232	hsa-miR-548f-3p	Activation
TMEM245	hsa-miR-32-3p	Activation
TMEM245	hsa-miR-32-5p	Activation
TMEM39B	hsa-miR-5585-3p	Activation
TMEM39B	hsa-miR-5585-5p	Activation
TMF1	hsa-miR-3136-3p	Activation
TMF1	hsa-miR-3136-5p	Activation
TNFAIP6	hsa-miR-4773	Activation
TNFRSF1B	hsa-miR-4632-3p	Activation
TNFRSF1B	hsa-miR-4632-5p	Activation
TNIK	hsa-miR-569	Activation
TNK2	hsa-miR-6829-3p	Activation
TNK2	hsa-miR-6829-5p	Activation
TNKS	hsa-miR-597-3p	Activation
TNKS	hsa-miR-597-5p	Activation
TNPO1	hsa-miR-4804-3p	Activation
TNPO1	hsa-miR-4804-5p	Activation
TNPO2	hsa-miR-10395-3p	Activation
TNPO2	hsa-miR-10395-5p	Activation
TNS1	hsa-miR-6809-3p	Activation
TNS1	hsa-miR-6809-5p	Activation
TNS2	hsa-miR-6757-3p	Activation
TNS2	hsa-miR-6757-5p	Activation
TOM1	hsa-miR-3909	Activation
TOMM40L	hsa-miR-5187-3p	Activation
TOMM40L	hsa-miR-5187-5p	Activation
TONSL	hsa-miR-6893-3p	Activation
TONSL	hsa-miR-6893-5p	Activation
TP63	hsa-miR-944	Activation
TPCN1	hsa-miR-6762-3p	Activation
TPCN1	hsa-miR-6762-5p	Activation
TPCN2	hsa-miR-3164	Activation
TPM3	hsa-miR-190b-3p	Activation
TPM3	hsa-miR-190b-5p	Activation
TPRA1	hsa-miR-6825-3p	Activation
TPRA1	hsa-miR-6825-5p	Activation
TPRA1	hsa-miR-7976	Activation
TPST2	hsa-miR-548j-3p	Activation
TPST2	hsa-miR-548j-5p	Activation
TRAF2	hsa-miR-4479	Activation
TRIB2	hsa-miR-3125	Activation
TRIM28	hsa-miR-6807-3p	Activation
TRIM28	hsa-miR-6807-5p	Activation
TRMT2A	hsa-miR-6816-3p	Activation
TRMT2A	hsa-miR-6816-5p	Activation
TRPC6	hsa-miR-3920	Activation
TRPM1	hsa-miR-211-3p	Activation
TRPM1	hsa-miR-211-5p	Activation
TRPM3	hsa-miR-204-3p	Activation
TRPM3	hsa-miR-204-5p	Activation
TRRAP	hsa-miR-3609	Activation
TTC21A	hsa-miR-6822-3p	Activation
TTC21A	hsa-miR-6822-5p	Activation
TTC27	hsa-miR-4765	Activation
TTF2	hsa-miR-942-3p	Activation
TTF2	hsa-miR-942-5p	Activation
TUFM	hsa-miR-4721	Activation
TUFT1	hsa-miR-554	Activation
TWISTNB	hsa-miR-3146	Activation
UBAC2	hsa-miR-623	Activation
UBTF	hsa-miR-6782-3p	Activation
UBTF	hsa-miR-6782-5p	Activation
UCKL1	hsa-miR-647	Activation
UGCG	hsa-miR-4668-3p	Activation
UGCG	hsa-miR-4668-5p	Activation
UGT8	hsa-miR-577	Activation
UHRF1	hsa-miR-4747-3p	Activation
UHRF1	hsa-miR-4747-5p	Activation
ULK3	hsa-miR-6882-3p	Activation
ULK3	hsa-miR-6882-5p	Activation
UMPS	hsa-miR-544b	Activation
USP20	hsa-miR-6855-3p	Activation
USP20	hsa-miR-6855-5p	Activation
VGLL1	hsa-miR-934	Activation
VPS39	hsa-miR-627-3p	Activation
VPS39	hsa-miR-627-5p	Activation
VTI1A	hsa-miR-4295	Activation
VWA5B2	hsa-miR-1224-3p	Activation
VWA5B2	hsa-miR-1224-5p	Activation
VWA8	hsa-miR-5006-3p	Activation
VWA8	hsa-miR-5006-5p	Activation
WDR1	hsa-miR-3138	Activation
WDR26	hsa-miR-4742-3p	Activation
WDR26	hsa-miR-4742-5p	Activation
WDR44	hsa-miR-1277-3p	Activation
WDR44	hsa-miR-1277-5p	Activation
WDR46	hsa-miR-6873-3p	Activation
WDR46	hsa-miR-6873-5p	Activation
WDR82	hsa-let-7g-3p	Activation
WDR82	hsa-let-7g-5p	Activation
WDR91	hsa-miR-6509-3p	Activation
WDR91	hsa-miR-6509-5p	Activation
WIPI1	hsa-miR-635	Activation
WLS	hsa-miR-1262	Activation
WNT9A	hsa-miR-5008-3p	Activation
WNT9A	hsa-miR-5008-5p	Activation
WRB-SH3BGR	hsa-miR-6508-3p	Activation
WRB-SH3BGR	hsa-miR-6508-5p	Activation
WWP2	hsa-miR-140-3p	Activation
WWP2	hsa-miR-140-5p	Activation
XKR6	hsa-miR-598-3p	Activation
XKR6	hsa-miR-598-5p	Activation
XXYLT1	hsa-miR-3137	Activation
YPEL2	hsa-miR-4729	Activation
ZBTB20	hsa-miR-4796-3p	Activation
ZBTB20	hsa-miR-4796-5p	Activation
ZCRB1	hsa-miR-7851-3p	Activation
ZDHHC14	hsa-miR-3692-3p	Activation
ZDHHC14	hsa-miR-3692-5p	Activation
ZFPM1	hsa-miR-5189-3p	Activation
ZFPM1	hsa-miR-5189-5p	Activation
ZFR	hsa-miR-579-3p	Activation
ZFR	hsa-miR-579-5p	Activation
ZNF107	hsa-miR-6839-3p	Activation
ZNF107	hsa-miR-6839-5p	Activation
ZNF141	hsa-miR-571	Activation
ZNF275	hsa-miR-12129	Activation
ZNF385B	hsa-miR-1258	Activation
ZNF653	hsa-miR-7974	Activation
ZNF710	hsa-miR-3174	Activation
ZNF766	hsa-miR-643	Activation
ZNRF2	hsa-miR-550a-3p	Activation
ZNRF2	hsa-miR-550a-5p	Activation
ZRANB2	hsa-miR-186-3p	Activation
ZRANB2	hsa-miR-186-5p	Activation
ZSCAN22	hsa-miR-6806-3p	Activation
ZSCAN22	hsa-miR-6806-5p	Activation
ZYX	hsa-miR-6892-3p	Activation
ZYX	hsa-miR-6892-5p	Activation
